#CODE;ENGLISH;;;;;;;;;;;;;x
harass_tactic;Harass tactic;;;;;;;;;;;;;x
harass_tactic_desc;Light Cav Attack +300%, Light Cav Def -40% Archers, Horse Archers Attack -150%, +100% Against Swarm;;;;;;;;;;;;;x
disorganised_harass_tactic;Disorg. harass tactic;;;;;;;;;;;;;x
disorganised_harass_tactic_desc;Light Cav Attack +100%, Light Cav Def -60% Archers, Horse Archers Attack -150%, +100% Against Swarm;;;;;;;;;;;;;x
volley_harass_tactic;Volley harass tactic;;;;;;;;;;;;;x
volley_harass_tactic_desc;Light Cav Attack +100%, Archers Attack +60%, Horse Archers Attack -180%, +100% Against Swarm;;;;;;;;;;;;;x
volley_tactic;Volley tactic;;;;;;;;;;;;;x
volley_tactic_desc;Archers Attack +200%, Light Cav and Horse Archers Attack -150%, +100% Against Harass;;;;;;;;;;;;;x
swarm_volley_tactic;Swarm volley tactic;;;;;;;;;;;;;x
swarm_volley_tactic_desc;Archers Attack +120%, Horse Archers Attack +60%, Light Cav Attack -180%, +100% Against Harass;;;;;;;;;;;;;x
massive_longbow_volley_tactic;Massive longbow tactic;;;;;;;;;;;;;x
massive_longbow_volley_tactic_desc;Archers Attack +350%,  , +100% Against Harass, +100% Against Charge;;;;;;;;;;;;;x
swarm_tactic;Swarm tactic;;;;;;;;;;;;;x
swarm_tactic_desc;Horse Archers Attack +100%, Light Cav Attack -150%, Archers Attack -150%, +100% Against Volley;;;;;;;;;;;;;x
disorganised_swarm_tactic;Disorg. Swarm tactic;;;;;;;;;;;;;x
disorganised_swarm_tactic_desc;Horse Archers Attack +50%, Light Cav Attack -150%, Archers Attack -150%,  ;;;;;;;;;;;;;x
harass_swarm_tactic;Harass swarm tactic;;;;;;;;;;;;;x
harass_swarm_tactic_desc;Horse Archers Attack +120%, Light Cav Attack +60%, Archers Attack -180%, +100% Against Volley;;;;;;;;;;;;;x
advance_tactic;Advance tactic;;;;;;;;;;;;;x
advance_tactic_desc;Heavy Infantry attack +300%, Heavy Cavalry and Pikemen Attack -150%, +300% Against Stand Fast;;;;;;;;;;;;;x
awesome_advance_tactic;Awesome advance tactic;;;;;;;;;;;;;x
awesome_advance_tactic_desc;Heavy Infantry attack +240%, Heavy Cavalry attack +60%, Pikemen Attack -180%, +300% Against Stand Fast;;;;;;;;;;;;;x
gripped_by_religious_fervour_tactic;Religious fervour tactic;;;;;;;;;;;;;x
gripped_by_religious_fervour_tactic_desc;All troops attack +150%;;;;;;;;;;;;;x
pike_column_advance_tactic;Pike column tactic;;;;;;;;;;;;;x
pike_column_advance_tactic_desc;Pikemen Attack +300%, Heavy Infantry attack +120%, Heavy Cavalry attack +60%, +300% Against Stand Fast;;;;;;;;;;;;;x
stand_fast_tactic;Stand fast tactic;;;;;;;;;;;;;x
stand_fast_tactic_desc;Pikemen Attack +300%,, Heavy Infantry attack -150%, Heavy Cavalry attack -150%, +300% Against Charge;;;;;;;;;;;;;x
slow_advance_tactic;Slow advance tactic;;;;;;;;;;;;;x
slow_advance_tactic_desc;Pikemen Attack +240%, Heavy Infantry attack +60%, , Heavy Cavalry attack -180%, +300% Against Charge;;;;;;;;;;;;;x
force_back_tactic;Force back tactic;;;;;;;;;;;;;x
force_back_tactic_desc;Pikemen Attack +240%, Heavy Infantry attack +160% Elephants attack +120%, Archers and Horse Archers attack -100%, Heavy Cavalry attack -180%, +300% Against Charge;;;;;;;;;;;;;x
powerful_charge_tactic;Powerful charge tactic;;;;;;;;;;;;;x
powerful_charge_tactic_desc;Heavy Cavalry attack +300%, Heavy Infantry and Pikemen Attack -150%, +300% Against Advance;;;;;;;;;;;;;x
overwhelming_charge_tactic;Overwhelming charge tactic;;;;;;;;;;;;;x
overwhelming_charge_tactic_desc;Heavy Cavalry attack +240%, Pikemen attack +60%, Heavy Infantry -180%, +300% Against Advance;;;;;;;;;;;;;x
heroic_countercharge_tactic;Heroic countercharge tactic;;;;;;;;;;;;;x
heroic_countercharge_tactic_desc;Heavy Cavalry and Light Cavalry attack +360%, Heavy Infantry and Pikemen attack +60%, +300% Against Charge;;;;;;;;;;;;;x
barrage_tactic;Barrage tactic;;;;;;;;;;;;;x
barrage_tactic_desc;Archers Attack +240%, Horse Archers Attack +240%;;;;;;;;;;;;;x
raid_tactic;Raid tactic;;;;;;;;;;;;;x
raid_tactic_desc;Light Cavalry Attack +240%, Light Infantry Attack +240%;;;;;;;;;;;;;x
retreat_and_ambush_tactic;Retreat and ambush;;;;;;;;;;;;;x
retreat_and_ambush_tactic_desc;Horse Archers Attack +200%, Light Cavalry Attack +120%, Archers Attack +100%,;;;;;;;;;;;;;x
shieldwall_tactic;Shieldwall tactic;;;;;;;;;;;;;x
shieldwall_tactic_desc;Heavy Infantry Def +300%, Pikemen Def +240%, Light Infantry Def +120%, Archers Attack +60%, All cavalry def -50%,  ;;;;;;;;;;;;;x
feint_tactic;Feint tactic;;;;;;;;;;;;;x
feint_tactic_desc;Light Infanry attack +100%, Light Infantry Def +50%, Archers Attack +150%, Heavy infantry and Heavy cavalry both attack and def -50%,  ;;;;;;;;;;;;;x
grey_wall_tactic;Grey wall tactic;;;;;;;;;;;;;x
grey_wall_tactic_desc;Heavy Infanry Def +300%, Pikemen Def +240% Elephants Def +150% Light Infantry Def +120% Archers Def +100% Archers Attack +60%, All cavalry def -50%,  ;;;;;;;;;;;;;x
inspired_defence_tactic;Inspired defence tactic;;;;;;;;;;;;;x
inspired_defence_tactic_desc; All troops Def +150%;;;;;;;;;;;;;x
charge_of_opportunity_tactic;Charge of Opportunity;;;;;;;;;;;;;x
charge_of_opportunity_tactic_desc;Heavy Cavalry attack +300%, Horse Archers attack +300%, Heavy Infantry attack +120%;;;;;;;;;;;;;x
charge_tactic;Charge tactic;;;;;;;;;;;;;x
charge_tactic_desc;Heavy Cavalry attack +300%, Horse Archers attack +300%, Heavy Infantry attack +120%;;;;;;;;;;;;;x
reckless_charge_tactic;Reckless charge tactic;;;;;;;;;;;;;x
reckless_charge_tactic_desc;Heavy Cavalry attack +120%, Horse Archers attack +120%, Heavy Infantry attack +60%, Heavy Cavalry def -60%, Horse Archers def -60%, Heavy Infantry def -60%,  ;;;;;;;;;;;;;x
charging_through_own_skirmishers_tactic;Charging through your rows;;;;;;;;;;;;;x
charging_through_own_skirmishers_tactic_desc;Heavy Cavalry attack +300%, Light Cavalry attack +180%, Horse Archers attack -120%, Archers attack -420%, Horse archers def -30%, Archers def -50%,  ;;;;;;;;;;;;;x
clever_ambush_tactic;Clever ambush tactic;;;;;;;;;;;;;x
clever_ambush_tactic_desc; Light Cavalry attack +240%, Light Infantry attack +120%, Archers Attack +120%, Horse Archers attack +120%, +300% against Advance;;;;;;;;;;;;;x
schiltron_formation_tactic;Schiltron formation;;;;;;;;;;;;;x
schiltron_formation_tactic_desc;Pikemen def +360%, Pikemen attack +240% Heavy infantry def +240%, Light infantry def +120% Archers attack +60%, All cavalry def -40%, +300% against Charge;;;;;;;;;;;;;x
desert_ambush_tactic;Desert ambush tactic;;;;;;;;;;;;;x
desert_ambush_tactic_desc;Light Cavalry attack +180% Light Infantry attack +120% Archers attack +120% Horse archers attack +120%, +300% against Advance;;;;;;;;;;;;;x
berserker_charge_tactic;Berserker charge tactic;;;;;;;;;;;;;x
berserker_charge_tactic_desc;Heavy infantry attack +360%, Light infantry attack +120%, Heavy infantry def -50%, Light infantry def -50%, +100% against Stand Fast;;;;;;;;;;;;;x
coushed_charge_tactic;Coushed charge tactic;;;;;;;;;;;;;x
coushed_charge_tactic_desc;Heavy cavalry attack +420%, Pikemen attack +60%,+300% against Advance;;;;;;;;;;;;;x
embolon_charge_tactic;Embolon tactic;;;;;;;;;;;;;x
embolon_charge_tactic_desc;Heavy cavalry attack +240%, Light cavalry attack +180%, Pikemen attack +60%, Heavy Infantry attack -150%, +300% against Advance;;;;;;;;;;;;;x

###

set_tactic;Set tactics;;;;;;;;;;;;;x
set_tactic_desc;Set the tactics to the flank you are in command;;;;;;;;;;;;;x
evtdesc_comt.001;Which phase I have to choice?;;;;;;;;;;;;;x
opta_comt.001;Let's choice a skirmish phase;;;;;;;;;;;;;x
optb_comt.001;Let's choice a melee phase;;;;;;;;;;;;;x
optc_comt.001;Show me other options;;;;;;;;;;;;;x
optd_comt.001;Close the window;;;;;;;;;;;;;x
evtdesc_comt.002;Which skirmish tactics group I have to choice?;;;;;;;;;;;;;x
opta_comt.002;Let's choice a harass tactic group;;;;;;;;;;;;;x
optb_comt.002;Let's choice a volley tactic group;;;;;;;;;;;;;x
optc_comt.002;Let's choice a swarm tactic group;;;;;;;;;;;;;x
optd_comt.002;Get access to defencive and charge skirmish tactics;;;;;;;;;;;;;x
evtdesc_comt.003;Which melee tactics group I have to choice?;;;;;;;;;;;;;x
opta_comt.003;Let's choice an advance tactic group;;;;;;;;;;;;;x
optb_comt.003;Let's choice a stand fast tactic group;;;;;;;;;;;;;x
optc_comt.003;Let's choice a charge tactic group;;;;;;;;;;;;;x
optd_comt.003;Let's choice to defencive tactic group;;;;;;;;;;;;;x
evtdesc_comt.004;Which harass tactic I have to choice?;;;;;;;;;;;;;x
opta_comt.004;Let's choice a harass tactic;;;;;;;;;;;;;x
optb_comt.004;Let's choice a disorganised harass tactic;;;;;;;;;;;;;x
optc_comt.004;Let's choice a volley harass tactic;;;;;;;;;;;;;x
optd_comt.004;Let's go back to skirmish tactics menu;;;;;;;;;;;;;x
evtdesc_comt.005;Which volley tactic I have to choice?;;;;;;;;;;;;;x
opta_comt.005;Let's choice a volley tactic;;;;;;;;;;;;;x
optb_comt.005;Let's choice a swarm volley tactic;;;;;;;;;;;;;x
optc_comt.005;Let's choice a massive longbow tactic;;;;;;;;;;;;;x
optd_comt.005;Let's go back to skirmish tactics menu;;;;;;;;;;;;;x
evtdesc_comt.006;Which swarm tactic I have to choice?;;;;;;;;;;;;;x
opta_comt.006;Let's choice a swarm tactic;;;;;;;;;;;;;x
optb_comt.006;Let's choice a disorganised swarm tactic;;;;;;;;;;;;;x
optc_comt.006;Let's choice a harass swarm tactic;;;;;;;;;;;;;x
optd_comt.006;Let's go back to skirmish tactics menu;;;;;;;;;;;;;x
evtdesc_comt.007;Which skirmish tactics group I have to choice?;;;;;;;;;;;;;x
opta_comt.007;Let's choice a defencive tactic group;;;;;;;;;;;;;x
optb_comt.007;Let's choice a charge tactic group;;;;;;;;;;;;;x
optc_comt.007;Let's go back to skirmish tactics menu;;;;;;;;;;;;;x
evtdesc_comt.008;Which advance tactic I have to choice?;;;;;;;;;;;;;x
opta_comt.008;Let's choice an advance tactic;;;;;;;;;;;;;x
optb_comt.008;Let's choice an awesome advance tactic;;;;;;;;;;;;;x
optc_comt.008;Let's choice a religious fervour tactic;;;;;;;;;;;;;x
optd_comt.008;Let's choice a pike column advance tactic;;;;;;;;;;;;;x
evtdesc_comt.009;Which stand fast tactic I have to choice?;;;;;;;;;;;;;x
opta_comt.009;Let's choice a stand fast tactic;;;;;;;;;;;;;x
optb_comt.009;Let's choice a slow advance tactic;;;;;;;;;;;;;x
optc_comt.009;Let's choice a force back tactic;;;;;;;;;;;;;x
optd_comt.009;Let's choice another stand fast tactic;;;;;;;;;;;;;x
evtdesc_comt.010;Which charge tactic I have to choice?;;;;;;;;;;;;;x
opta_comt.010;Let's choice a powerful charge tactic;;;;;;;;;;;;;x
optb_comt.010;Let's choice an overwhelming charge tactic;;;;;;;;;;;;;x
optc_comt.010;Let's choice an heroic countercharge tactic;;;;;;;;;;;;;x
optd_comt.010;Let's choice another charge tactic;;;;;;;;;;;;;x
evtdesc_comt.011;Which defencive tactic I have to choice?;;;;;;;;;;;;;x
opta_comt.011;Let's choice a barrage  tactic;;;;;;;;;;;;;x
optb_comt.011;Let's choice a raid  tactic;;;;;;;;;;;;;x
optc_comt.011;Let's choice a retreat&ambush tactic;;;;;;;;;;;;;x
optd_comt.011;Let's go back to melee tactics menu;;;;;;;;;;;;;x
evtdesc_comt.012;You have selected Harass tactic. It gives powerful bonuses to attack of your light cavalry, but gives also heavy penalties to your archers and horse archers. This tactic works better against Swarm tactics.;;;;;;;;;;;;;x
opta_comt.012;Hurrah!;;;;;;;;;;;;;x
evtdesc_comt.013;You have selected Disorganised Harass tactic. It gives bonuses to attack of your light cavalry, but gives also heavy penalties to your archers and horse archers. This tactic works better against Swarm tactics.;;;;;;;;;;;;;x
opta_comt.013;Alas!;;;;;;;;;;;;;x
evtdesc_comt.014;You have selected Volley Harass tactic. It gives bonuses to attack of your light cavalry, light infantry and archers, but gives also very heavy penalties to your horse archers. This tactic works better against Swarm tactics.;;;;;;;;;;;;;x
opta_comt.014;Hurrah!;;;;;;;;;;;;;x
evtdesc_comt.015;You have selected Volley tactic. It gives powerful bonuses to attack of your archers, but gives also penalties to your light cavalry and horse archers. This tactic works better against Harass tactics.;;;;;;;;;;;;;x
opta_comt.015;Notch! Draw! Loose!;;;;;;;;;;;;;x
evtdesc_comt.016;You have selected Swarm Volley tactic. It gives bonuses to attack of your archers and horse archers, but gives also hard penalties to your light cavalry. This tactic works better against Harass tactics. Note the battle must take place in a plain terrain to open this tactic;;;;;;;;;;;;;x
opta_comt.016;Notch! Draw! Loose!;;;;;;;;;;;;;x
evtdesc_comt.017;You have selected Massive Longbow Volley tactic. It gives an extremally powerful bonuses to attack of your archers. This tactic works better against Harass and Skirmish Charge tactics. Your leader must have English or Welsh culture.;;;;;;;;;;;;;x
opta_comt.017;Notch! Draw! Loose!;;;;;;;;;;;;;x
evtdesc_comt.018;You have selected Swarm tactic. It gives bonuses to attack of your horse archers, but gives also penalties to your light cavalry and foot archers. This tactic works better against Volley tactics. Note the battle must take place in a plain terrain to open this tactic;;;;;;;;;;;;;x
opta_comt.018;Hurrah!;;;;;;;;;;;;;x
evtdesc_comt.019;You have selected Disorganized Swarm tactic. It gives small bonuses to attack of your horse archers, but gives penalties to their defence and also penalties to your light cavalry and foot archers. This tactic works better against Volley tactics. Note the battle must take place in a plain terrain to open this tactic;;;;;;;;;;;;;x
opta_comt.019;Hurrah!;;;;;;;;;;;;;x
evtdesc_comt.020;You have selected Harass Swarm tactic. It gives good bonuses to attack of your horse archers, also gives bonuses to your light cavalry, but gives hard penalties to your foot archers. This tactic works better against Volley tactics. Note the battle must take place in a plain terrain to open this tactic;;;;;;;;;;;;;x
opta_comt.020;Hurrah!;;;;;;;;;;;;;x
evtdesc_comt.021;Which defencive tactic I have to choice?;;;;;;;;;;;;;x
opta_comt.021;Let's choice a shieldwall tactic;;;;;;;;;;;;;x
optb_comt.021;Let's choice a feint tactic;;;;;;;;;;;;;x
optc_comt.021;Let's choice a grey wall tactic;;;;;;;;;;;;;x
optd_comt.021;Let's choice an inspired defence tactic;;;;;;;;;;;;;x
evtdesc_comt.022;Which skirmish charge tactic I have to choice?;;;;;;;;;;;;;x
opta_comt.022;Let's choice a charge of opportunity tactic;;;;;;;;;;;;;x
optb_comt.022;Let's choice a charge tactic;;;;;;;;;;;;;x
optc_comt.022;Let's choice a reckless charge tactic;;;;;;;;;;;;;x
optd_comt.022;Let's choice a charge through my own skirmishers tactic;;;;;;;;;;;;;x
evtdesc_comt.023;You have selected Advance tactic. It gives powerful bonuses to attack of your heavy infantry, but gives also heavy penalties to your heavy cavalry and pikemen. This tactic works better against Stand Fast tactics.;;;;;;;;;;;;;x
opta_comt.023;Move! Move! Move!;;;;;;;;;;;;;x
evtdesc_comt.024;You have selected Awesome Advance tactic. It gives bonuses to attack of your heavy infantry and heavy cavalry, but gives also heavy penalties to your pikemen. This tactic works better against Stand Fast tactics.;;;;;;;;;;;;;x
opta_comt.024;Move! Move! Move!;;;;;;;;;;;;;x
evtdesc_comt.025;You have selected Religious Fervour tactic. It gives bonuses to attack of all of your troops. This tactic is not specific counter-tactics against any other tactic. PLEASE NOTE that your character must have Posessed trait or BOTH Zealous and Inspired Defence traits;;;;;;;;;;;;;x
opta_comt.025;Deus vult!;;;;;;;;;;;;;x
evtdesc_comt.026;You have selected Pike Column Advance tactic. It gives powerful bonuses to attack of your pikemen, gives also bonuses to your heavy infantry and heavy cavalry. Your character must have Italian culture group. This tactic works better against Stand Fast tactics.;;;;;;;;;;;;;x
opta_comt.026;Bow your spears!;;;;;;;;;;;;;x
evtdesc_comt.027;You have selected Stand Fast tactic. It gives strong bonuses to attack for your pikemen, but gives also  penalties to your heavy infantry and heavy cavalry. This tactic works better against Charge tactics.;;;;;;;;;;;;;x
opta_comt.027;Hold your lines!;;;;;;;;;;;;;x
evtdesc_comt.028;You have selected Slow Advance tactic. It gives strong bonuses to attack for your pikemen and heavy infantry, but gives also  penalties to your heavy cavalry. This tactic works better against Charge tactics.;;;;;;;;;;;;;x
opta_comt.028;Hold your lines!;;;;;;;;;;;;;x
evtdesc_comt.029;You have selected Force Back tactic. It gives powerful bonuses to attack of your pikemen, heavy infantry and war elephants, but gives also penalties to your skirmish troops. This tactic works better against Charge tactics. Please note that you need at least 0.5% of your army consisting of war elephants;;;;;;;;;;;;;x
opta_comt.029;Move forvard! Our elephants will crush their lines!;;;;;;;;;;;;;x
evtdesc_comt.030;Which stand fast tactic I have to choice?;;;;;;;;;;;;;x
opta_comt.030;Let's choice a clever ambush tactic;;;;;;;;;;;;;x
optb_comt.030;Let's choice a schiltron formation tactic;;;;;;;;;;;;;x
optc_comt.030;Let's choice a desert ambush tactic;;;;;;;;;;;;;x
optd_comt.030;Let's go back to melee tactics;;;;;;;;;;;;;x
evtdesc_comt.031;You have selected Powerful Charge tactic. It gives powerful bonuses to attack of your heavy cavalry, but gives also heavy penalties to your heavy infantry and pikemen. This tactic works better against Advance tactics.;;;;;;;;;;;;;x
opta_comt.031;For the King and God!!!;;;;;;;;;;;;;x
evtdesc_comt.032;You have selected Overwhelming Charge tactic. It gives bonuses to attack of your pikemen and heavy cavalry, but gives also heavy penalties to your heavy infantry. This tactic works better against Advance tactics.;;;;;;;;;;;;;x
opta_comt.032;Chaaaaarge!!!;;;;;;;;;;;;;x
evtdesc_comt.033;You have selected Heroic Countercharge tactic. It gives extremally strong bonuses to attack of your Heavy cavalry, Light cavalry, also gives bonuses to Heavy infantry and Pikemen. This tactic works fine against Charge tactic. PLEASE NOTE that your character must have Brave, Cavalry Leader or Aggressive Leader trait;;;;;;;;;;;;;x
opta_comt.033;Chaaaaarge!!1;;;;;;;;;;;;;x
evtdesc_comt.034;Which Charge tactic I have to choice?;;;;;;;;;;;;;x
opta_comt.034;Let's choice a berserker charge tactic;;;;;;;;;;;;;x
optb_comt.034;Let's choice a coushed charge tactic;;;;;;;;;;;;;x
optc_comt.034;Let's choice an embolon tactic;;;;;;;;;;;;;x
optd_comt.034;Let's go back to melee tactics;;;;;;;;;;;;;x
evtdesc_comt.035;You have selected Barrage tactic. It gives strong bonuses to attack of your both foot and horse archers. You must have at least 20% archers in your flank to activate this tactic;;;;;;;;;;;;;x
opta_comt.035;Notch! Draw! Loose!;;;;;;;;;;;;;x
evtdesc_comt.036;You have selected Raid tactic. It gives powerful bonuses to attack of your Light Infantry and Light Cavalry. You must have at least 20% of Light Cavalry in your flank to activate this tactic;;;;;;;;;;;;;x
opta_comt.036;Attack!;;;;;;;;;;;;;x
evtdesc_comt.037;You have selected Retreat&Ambush tactic. It gives strong bonuses to attack for your Light Infantry, Light Cavalry, Archers and Horse Archers. You must belong to Altaic culture group. You must have at least 20% of Horse Archers in your army. Combat must be on plain terrain (not forests, mountains or marshes).;;;;;;;;;;;;;x
opta_comt.037;Go back to prepared position!;;;;;;;;;;;;;x
evtdesc_comt.038;You have selected Shieldwall tactic. It gives strong bonuses to defence for your pikemen, heavy infantry and light infantry, and bonuse to your archer's attack. It gives also  penalties to defence of all your cavalry. You must have 20% of light infantry or 20% of heavy infantry or 20% of pikemen in your army.;;;;;;;;;;;;;x
opta_comt.038;Hold your lines!;;;;;;;;;;;;;x
evtdesc_comt.039;You have selected Feint tactic. It gives bonuses to attack and defence of your Light Infantry and Archers, but also gives penalties to your heavy infantry and heavy cavalry. You must have at least both 20% of Light Infantry and 20% of Archers in your flank to activate this tactic;;;;;;;;;;;;;x
opta_comt.039;Hold your lines!;;;;;;;;;;;;;x
evtdesc_comt.040;You have selected Grey wall tactic. It gives strong bonuses to defence for your Light Infantry, Heavy infantry, Pikemen and War Elephants. It also gives attack and defence bonuse to archers. This tactic gives penalty to all cavalry's defence. You must have at least 2,5% of War Elephants in your army.;;;;;;;;;;;;;x
opta_comt.040;Hold your lines!;;;;;;;;;;;;;x
evtdesc_comt.041;You have selected Inspired Defence tactic. It gives strong bonuses to defence for all your troops, similar to attacking bonuses in Religious Fervour. It gives bonuses against Charge and Advance tactic (but whereas inspired defence applied only to Skirmish phase it could not interact with Advance). You must have traits Defencive leader or Inspiring Leader;;;;;;;;;;;;;x
opta_comt.041;Hold your lines! God blessed us!;;;;;;;;;;;;;x
evtdesc_comt.042;You have selected Charge of opportunity tactic. It grants strong attack bonuses to your Heavy Cavalry, Horse Archers and Heavy Infantry.;;;;;;;;;;;;;x
opta_comt.042;CHARGE!!!;;;;;;;;;;;;;x
evtdesc_comt.043;You have selected Charge tactic. It grants strong attack bonuses to your Heavy Cavalry, Horse Archers and Heavy Infantry.;;;;;;;;;;;;;x
opta_comt.043;CHARGE!!!;;;;;;;;;;;;;x
evtdesc_comt.044;You have selected Reckless Charge tactic. It grants attack bonuses to your Heavy Cavalry, Horse Archers and Heavy Infantry, but also gives penalties to their defence. You must have traits Wroth or Aggressive Leader;;;;;;;;;;;;;x
opta_comt.044;CHARGE!!!;;;;;;;;;;;;;x
evtdesc_comt.045;You have selected Charging Through Your Own Skirmishers. It grants strong attack bonuses to your Heavy Cavalry and Light Cavalry, but also gives harsh penalties to Archers. You must have trait Cruel to engage this tactic.;;;;;;;;;;;;;x
opta_comt.045;Charge! Crush those bastards!;;;;;;;;;;;;;x
evtdesc_comt.046;You have selected Clever Ambush tactic. It gives strong bonuses to attack for your Light Infantry, Light Cavalry, Archers and Horse Archers. You must have a Trickster, Quick, Genius or Shrewd trait, you must have at least 10% of light infantry and light cavalry, and fight must be in forests, hills or mountains. This tactic works better against Advance tactics.;;;;;;;;;;;;;x
opta_comt.046;Hm, lets set an ambush to our enemies.;;;;;;;;;;;;;x
evtdesc_comt.047;You have selected Schiltron formation tactic. It grants extremely strong bonuses to your Pikemen's attack and defence, also gives bonuses to defence of heavy and light infantry and attack of your archers. It gives penalties to defence of your cavalry. Your leader must have Scottish culture. Schiltron formation works better against Charge tactic.;;;;;;;;;;;;;x
opta_comt.047;Hold the line! Keep your spears high!;;;;;;;;;;;;;x
evtdesc_comt.048;You have selected Desert Ambush tactic! It gives strong offensive bonuses to your light infantry, light cavalry, archers and horse archers. Your leader must belong to Arabic culture group, you must have at least BOTH 10% of Light infantry and Light cavalry, and combat must be in desert. This tactic works better against Advance tactic.;;;;;;;;;;;;;x
opta_comt.048;Sand of the sands!;;;;;;;;;;;;;x
evtdesc_comt.049;You have selected Berserker Charge tactic! It grants strong bonuse to heavy infantry attack and considerable bonuse to light infantry attack, but also penaltized their defence. It works better against Stand Fast tactic;;;;;;;;;;;;;x
opta_comt.049;Odin owns us! Tyr and Loki blessed us! Lets go to Valhalla!!!;;;;;;;;;;;;;x
evtdesc_comt.050;You have selected Couched Charge tactic! It grants extremally strong bonuse to your Heavy Cavalry, also gives you bonuse to Pikemen attack, but gives penalty to heavy infantry attack. You must be of German, Breton, Frankish, Occitan or Norman culture. This tactic works better against Advance tactic.;;;;;;;;;;;;;x
opta_comt.050;Roi Emperor!;;;;;;;;;;;;;x
evtdesc_comt.051;You have selected Embolon Charge tactic! It grants strong bonuse to your Heavy Cavalry, also gives you bonuse to Light Cavalry and Pikemen attack, but gives penalty to heavy infantry attack. You must be of Byzantine culture. This tactic works better against Advance tactic.;;;;;;;;;;;;;x
opta_comt.051;Basilea tom Romanion!;;;;;;;;;;;;;x


evtdesc_comt.095;You can add special traits to your character via event chain. These traits add 100x modifier to the tactics you have chosen. There are always small chance (1:20 or even smaller) your flank will fight with another tactics. This chance is greatly reduced by picking troops that have bonuses to chosen tactics.;;;;;;;;;;;;;x
opta_comt.095;Back to options list;;;;;;;;;;;;;x
evtdesc_comt.096;Full list of events you can find in the file list_of_events.txt;;;;;;;;;;;;;x
opta_comt.096;Back to options list;;;;;;;;;;;;;x
optb_comt.096;No, bring me back to menu;;;;;;;;;;;;;x
evtdesc_comt.097;This mod allows you to chose the tactics to the flank your character is in command. Forum thread about this mod https://www.strategium.ru/forum/topic/87055-combat-tactics Developer: Sweet Lane. Version 1.03. Last updated 2018-10-16.;;;;;;;;;;;;;x
opta_comt.097;About mechanics of this mod;;;;;;;;;;;;;x
optb_comt.097;Back to options list;;;;;;;;;;;;;x
optc_comt.097;No, bring me back to menu;;;;;;;;;;;;;x
optd_comt.097;Close the window;;;;;;;;;;;;;x
evtdesc_comt.098;What options you want to choice?;;;;;;;;;;;;;x
opta_comt.098;Open the list of events;;;;;;;;;;;;;x
optb_comt.098;About this mod;;;;;;;;;;;;;x
optc_comt.098;Clear all tactics;;;;;;;;;;;;;x
optd_comt.098;No, bring me back to menu;;;;;;;;;;;;;x
evtdesc_comt.099;This option will clear all tactics you have selected before;;;;;;;;;;;;;x
opta_comt.099;Clear all;;;;;;;;;;;;;x
optb_comt.099;No, bring me back to menu;;;;;;;;;;;;;x
